EventTime,Source,Info
0,pcap_dns_http,"ip.src=, ip.dst=, udp=->, tcp=->, dns=, host=, uri="
0,pcap_dns_http,"ip.src=, ip.dst=, udp=->, tcp=->, dns=, host=, uri="
0,pcap_dns_http,"ip.src=192.168.56.7, ip.dst=192.168.56.255, udp=137->137, tcp=->, dns=, host=, uri="
0,pcap_dns_http,"ip.src=192.168.56.7, ip.dst=192.168.56.255, udp=137->137, tcp=->, dns=, host=, uri="
0,pcap_dns_http,"ip.src=192.168.56.7, ip.dst=192.168.56.255, udp=137->137, tcp=->, dns=, host=, uri="
0,pcap_dns_http,"ip.src=192.168.56.7, ip.dst=192.168.56.255, udp=137->137, tcp=->, dns=, host=, uri="
0,pcap_dns_http,"ip.src=192.168.56.7, ip.dst=192.168.56.255, udp=137->137, tcp=->, dns=, host=, uri="
0,pcap_dns_http,"ip.src=192.168.56.7, ip.dst=192.168.56.255, udp=137->137, tcp=->, dns=, host=, uri="
0,pcap_dns_http,"ip.src=169.254.77.37, ip.dst=169.254.255.255, udp=137->137, tcp=->, dns=, host=, uri="
0,pcap_dns_http,"ip.src=192.168.56.7, ip.dst=192.168.56.255, udp=137->137, tcp=->, dns=, host=, uri="
0,pcap_dns_http,"ip.src=192.168.56.10, ip.dst=192.168.56.7, udp=->, tcp=80->1125, dns=, host=, uri="
0,pcap_dns_http,"ip.src=192.168.56.10, ip.dst=192.168.56.7, udp=->, tcp=80->1042, dns=, host=, uri="
0,pcap_dns_http,"ip.src=192.168.56.10, ip.dst=192.168.56.7, udp=->, tcp=80->1125, dns=, host=, uri="
0,pcap_dns_http,"ip.src=192.168.56.10, ip.dst=192.168.56.7, udp=->, tcp=80->1042, dns=, host=, uri="
0,pcap_dns_http,"ip.src=192.168.56.10, ip.dst=192.168.56.7, udp=->, tcp=80->1125, dns=, host=, uri="
0,pcap_dns_http,"ip.src=192.168.56.10, ip.dst=192.168.56.7, udp=->, tcp=80->1042, dns=, host=, uri="
0,pcap_dns_http,"ip.src=192.168.56.10, ip.dst=192.168.56.7, udp=->, tcp=80->1125, dns=, host=, uri="
0,pcap_dns_http,"ip.src=192.168.56.10, ip.dst=192.168.56.7, udp=53->57357, tcp=->, dns=cbdajhvtaittxj.de, host=, uri="
0,pcap_dns_http,"ip.src=192.168.56.10, ip.dst=192.168.56.7, udp=->, tcp=80->1126, dns=, host=, uri="
0,pcap_dns_http,"ip.src=192.168.56.10, ip.dst=192.168.56.7, udp=->, tcp=80->1043, dns=, host=, uri="
0,pcap_dns_http,"ip.src=192.168.56.10, ip.dst=192.168.56.7, udp=->, tcp=80->1126, dns=, host=, uri="
0,pcap_dns_http,"ip.src=192.168.56.10, ip.dst=192.168.56.7, udp=->, tcp=80->1043, dns=, host=, uri="
0,pcap_dns_http,"ip.src=192.168.56.10, ip.dst=192.168.56.7, udp=->, tcp=80->1125, dns=, host=, uri="
0,pcap_dns_http,"ip.src=192.168.56.10, ip.dst=192.168.56.7, udp=->, tcp=80->1043, dns=, host=, uri="
0,pcap_dns_http,"ip.src=192.168.56.10, ip.dst=192.168.56.7, udp=->, tcp=80->1126, dns=, host=, uri="
0,pcap_dns_http,"ip.src=192.168.56.10, ip.dst=192.168.56.7, udp=->, tcp=80->1043, dns=, host=, uri="
0,pcap_dns_http,"ip.src=192.168.56.10, ip.dst=192.168.56.7, udp=->, tcp=80->1126, dns=, host=, uri="
0,pcap_dns_http,"ip.src=192.168.56.10, ip.dst=192.168.56.7, udp=->, tcp=80->1043, dns=, host=, uri="
0,pcap_dns_http,"ip.src=192.168.56.10, ip.dst=192.168.56.7, udp=->, tcp=80->1127, dns=, host=, uri="
0,pcap_dns_http,"ip.src=192.168.56.10, ip.dst=192.168.56.7, udp=53->64301, tcp=->, dns=lyxsawiiitag.de, host=, uri="
0,pcap_dns_http,"ip.src=192.168.56.10, ip.dst=192.168.56.7, udp=->, tcp=80->1127, dns=, host=, uri="
0,pcap_dns_http,"ip.src=192.168.56.10, ip.dst=192.168.56.7, udp=->, tcp=80->1044, dns=, host=, uri="
0,pcap_dns_http,"ip.src=192.168.56.10, ip.dst=192.168.56.7, udp=->, tcp=80->1126, dns=, host=, uri="
0,pcap_dns_http,"ip.src=192.168.56.10, ip.dst=192.168.56.7, udp=->, tcp=80->1044, dns=, host=, uri="
0,pcap_dns_http,"ip.src=192.168.56.10, ip.dst=192.168.56.7, udp=->, tcp=80->1127, dns=, host=, uri="
0,pcap_dns_http,"ip.src=192.168.56.10, ip.dst=192.168.56.7, udp=->, tcp=80->1044, dns=, host=, uri="
0,pcap_dns_http,"ip.src=192.168.56.10, ip.dst=192.168.56.7, udp=->, tcp=80->1127, dns=, host=, uri="
0,pcap_dns_http,"ip.src=192.168.56.10, ip.dst=192.168.56.7, udp=->, tcp=80->1044, dns=, host=, uri="
0,pcap_dns_http,"ip.src=192.168.56.10, ip.dst=192.168.56.7, udp=->, tcp=80->1128, dns=, host=, uri="
0,pcap_dns_http,"ip.src=192.168.56.10, ip.dst=192.168.56.7, udp=->, tcp=80->1044, dns=, host=, uri="
0,pcap_dns_http,"ip.src=192.168.56.10, ip.dst=192.168.56.7, udp=->, tcp=80->1128, dns=, host=, uri="
0,pcap_dns_http,"ip.src=192.168.56.10, ip.dst=192.168.56.7, udp=53->65186, tcp=->, dns=yeompyokp.it, host=, uri="
0,pcap_dns_http,"ip.src=192.168.56.10, ip.dst=192.168.56.7, udp=->, tcp=80->1127, dns=, host=, uri="
0,pcap_dns_http,"ip.src=192.168.56.10, ip.dst=192.168.56.7, udp=->, tcp=80->1045, dns=, host=, uri="
0,pcap_dns_http,"ip.src=192.168.56.10, ip.dst=192.168.56.7, udp=->, tcp=80->1128, dns=, host=, uri="
0,pcap_dns_http,"ip.src=192.168.56.10, ip.dst=192.168.56.7, udp=->, tcp=80->1045, dns=, host=, uri="
0,pcap_dns_http,"ip.src=192.168.56.10, ip.dst=192.168.56.7, udp=->, tcp=80->1128, dns=, host=, uri="
0,pcap_dns_http,"ip.src=192.168.56.10, ip.dst=192.168.56.7, udp=->, tcp=80->1045, dns=, host=, uri="
0,pcap_dns_http,"ip.src=192.168.56.10, ip.dst=192.168.56.7, udp=->, tcp=80->1129, dns=, host=, uri="
0,pcap_dns_http,"ip.src=192.168.56.10, ip.dst=192.168.56.7, udp=->, tcp=80->1045, dns=, host=, uri="
0,pcap_dns_http,"ip.src=192.168.56.10, ip.dst=192.168.56.7, udp=->, tcp=80->1129, dns=, host=, uri="
0,pcap_dns_http,"ip.src=192.168.56.10, ip.dst=192.168.56.7, udp=->, tcp=80->1045, dns=, host=, uri="
0,pcap_dns_http,"ip.src=192.168.56.10, ip.dst=192.168.56.7, udp=->, tcp=80->1128, dns=, host=, uri="
0,pcap_dns_http,"ip.src=192.168.56.10, ip.dst=192.168.56.7, udp=53->54311, tcp=->, dns=ijdwcql.pw, host=, uri="
0,pcap_dns_http,"ip.src=192.168.56.10, ip.dst=192.168.56.7, udp=->, tcp=80->1129, dns=, host=, uri="
0,pcap_dns_http,"ip.src=192.168.56.10, ip.dst=192.168.56.7, udp=->, tcp=80->1046, dns=, host=, uri="
0,pcap_dns_http,"ip.src=192.168.56.10, ip.dst=192.168.56.7, udp=->, tcp=80->1129, dns=, host=, uri="
0,pcap_dns_http,"ip.src=192.168.56.10, ip.dst=192.168.56.7, udp=->, tcp=80->1046, dns=, host=, uri="
0,pcap_dns_http,"ip.src=192.168.56.10, ip.dst=192.168.56.7, udp=->, tcp=80->1130, dns=, host=, uri="
0,pcap_dns_http,"ip.src=192.168.56.10, ip.dst=192.168.56.7, udp=->, tcp=80->1046, dns=, host=, uri="
0,pcap_dns_http,"ip.src=192.168.56.10, ip.dst=192.168.56.7, udp=->, tcp=80->1130, dns=, host=, uri="
0,pcap_dns_http,"ip.src=192.168.56.10, ip.dst=192.168.56.7, udp=->, tcp=80->1046, dns=, host=, uri="
0,pcap_dns_http,"ip.src=192.168.56.10, ip.dst=192.168.56.7, udp=->, tcp=80->1129, dns=, host=, uri="
0,pcap_dns_http,"ip.src=192.168.56.10, ip.dst=192.168.56.7, udp=->, tcp=80->1046, dns=, host=, uri="
0,pcap_dns_http,"ip.src=192.168.56.10, ip.dst=192.168.56.7, udp=->, tcp=80->1130, dns=, host=, uri="
0,pcap_dns_http,"ip.src=192.168.56.10, ip.dst=192.168.56.7, udp=53->61055, tcp=->, dns=dlgofygprmqgdne.us, host=, uri="
0,pcap_dns_http,"ip.src=192.168.56.10, ip.dst=192.168.56.7, udp=->, tcp=80->1130, dns=, host=, uri="
0,pcap_dns_http,"ip.src=192.168.56.10, ip.dst=192.168.56.7, udp=->, tcp=80->1047, dns=, host=, uri="
0,pcap_dns_http,"ip.src=192.168.56.10, ip.dst=192.168.56.7, udp=->, tcp=80->1131, dns=, host=, uri="
0,pcap_dns_http,"ip.src=192.168.56.10, ip.dst=192.168.56.7, udp=->, tcp=80->1047, dns=, host=, uri="
0,pcap_dns_http,"ip.src=192.168.56.10, ip.dst=192.168.56.7, udp=->, tcp=80->1131, dns=, host=, uri="
0,pcap_dns_http,"ip.src=192.168.56.10, ip.dst=192.168.56.7, udp=->, tcp=80->1047, dns=, host=, uri="
0,pcap_dns_http,"ip.src=192.168.56.10, ip.dst=192.168.56.7, udp=->, tcp=80->1130, dns=, host=, uri="
0,pcap_dns_http,"ip.src=192.168.56.10, ip.dst=192.168.56.7, udp=->, tcp=80->1047, dns=, host=, uri="
0,pcap_dns_http,"ip.src=192.168.56.10, ip.dst=192.168.56.7, udp=->, tcp=80->1131, dns=, host=, uri="
0,pcap_dns_http,"ip.src=192.168.56.10, ip.dst=192.168.56.7, udp=->, tcp=80->1047, dns=, host=, uri="
0,pcap_dns_http,"ip.src=192.168.56.10, ip.dst=192.168.56.7, udp=->, tcp=80->1131, dns=, host=, uri="
0,pcap_dns_http,"ip.src=192.168.56.10, ip.dst=192.168.56.7, udp=53->60992, tcp=->, dns=fmojcylxlmeuf.ru, host=, uri="
0,pcap_dns_http,"ip.src=192.168.56.10, ip.dst=192.168.56.7, udp=->, tcp=80->1132, dns=, host=, uri="
0,pcap_dns_http,"ip.src=192.168.56.10, ip.dst=192.168.56.7, udp=->, tcp=80->1048, dns=, host=, uri="
0,pcap_dns_http,"ip.src=192.168.56.10, ip.dst=192.168.56.7, udp=->, tcp=80->1132, dns=, host=, uri="
0,pcap_dns_http,"ip.src=192.168.56.10, ip.dst=192.168.56.7, udp=->, tcp=80->1048, dns=, host=, uri="
0,pcap_dns_http,"ip.src=192.168.56.10, ip.dst=192.168.56.7, udp=->, tcp=80->1131, dns=, host=, uri="
0,pcap_dns_http,"ip.src=192.168.56.10, ip.dst=192.168.56.7, udp=->, tcp=80->1048, dns=, host=, uri="
0,pcap_dns_http,"ip.src=192.168.56.10, ip.dst=192.168.56.7, udp=->, tcp=80->1132, dns=, host=, uri="
0,pcap_dns_http,"ip.src=192.168.56.10, ip.dst=192.168.56.7, udp=->, tcp=80->1048, dns=, host=, uri="
0,pcap_dns_http,"ip.src=192.168.56.10, ip.dst=192.168.56.7, udp=->, tcp=80->1132, dns=, host=, uri="
0,pcap_dns_http,"ip.src=192.168.56.10, ip.dst=192.168.56.7, udp=->, tcp=80->1048, dns=, host=, uri="
0,pcap_dns_http,"ip.src=192.168.56.10, ip.dst=192.168.56.7, udp=->, tcp=80->1132, dns=, host=, uri="
0,pcap_dns_http,"ip.src=192.168.56.10, ip.dst=192.168.56.7, udp=->, tcp=80->1055, dns=, host=, uri="
0,pcap_dns_http,"ip.src=192.168.56.10, ip.dst=192.168.56.7, udp=->, tcp=80->1139, dns=, host=, uri="
0,pcap_dns_http,"ip.src=192.168.56.10, ip.dst=192.168.56.7, udp=->, tcp=80->1055, dns=, host=, uri="
0,pcap_dns_http,"ip.src=192.168.56.10, ip.dst=192.168.56.7, udp=->, tcp=80->1139, dns=, host=, uri="
0,pcap_dns_http,"ip.src=192.168.56.10, ip.dst=192.168.56.7, udp=->, tcp=80->1055, dns=, host=, uri="
0,pcap_dns_http,"ip.src=192.168.56.10, ip.dst=192.168.56.7, udp=->, tcp=80->1139, dns=, host=, uri="
0,pcap_dns_http,"ip.src=192.168.56.10, ip.dst=192.168.56.7, udp=->, tcp=80->1055, dns=, host=, uri="
0,pcap_dns_http,"ip.src=192.168.56.10, ip.dst=192.168.56.7, udp=->, tcp=80->1139, dns=, host=, uri="
0,pcap_dns_http,"ip.src=192.168.56.10, ip.dst=192.168.56.7, udp=->, tcp=80->1056, dns=, host=, uri="
0,pcap_dns_http,"ip.src=192.168.56.10, ip.dst=192.168.56.7, udp=->, tcp=80->1140, dns=, host=, uri="
0,pcap_dns_http,"ip.src=192.168.56.10, ip.dst=192.168.56.7, udp=->, tcp=80->1056, dns=, host=, uri="
0,pcap_dns_http,"ip.src=192.168.56.10, ip.dst=192.168.56.7, udp=->, tcp=80->1140, dns=, host=, uri="
0,pcap_dns_http,"ip.src=192.168.56.10, ip.dst=192.168.56.7, udp=->, tcp=80->1055, dns=, host=, uri="
0,pcap_dns_http,"ip.src=192.168.56.10, ip.dst=192.168.56.7, udp=->, tcp=80->1139, dns=, host=, uri="
0,pcap_dns_http,"ip.src=192.168.56.10, ip.dst=192.168.56.7, udp=->, tcp=80->1056, dns=, host=, uri="
0,pcap_dns_http,"ip.src=192.168.56.10, ip.dst=192.168.56.7, udp=->, tcp=80->1140, dns=, host=, uri="
0,pcap_dns_http,"ip.src=192.168.56.10, ip.dst=192.168.56.7, udp=->, tcp=80->1056, dns=, host=, uri="
0,pcap_dns_http,"ip.src=192.168.56.10, ip.dst=192.168.56.7, udp=->, tcp=80->1140, dns=, host=, uri="
0,pcap_dns_http,"ip.src=192.168.56.10, ip.dst=192.168.56.7, udp=->, tcp=80->1057, dns=, host=, uri="
0,pcap_dns_http,"ip.src=192.168.56.10, ip.dst=192.168.56.7, udp=->, tcp=80->1141, dns=, host=, uri="
0,pcap_dns_http,"ip.src=192.168.56.10, ip.dst=192.168.56.7, udp=->, tcp=80->1057, dns=, host=, uri="
0,pcap_dns_http,"ip.src=192.168.56.10, ip.dst=192.168.56.7, udp=->, tcp=80->1141, dns=, host=, uri="
0,pcap_dns_http,"ip.src=192.168.56.10, ip.dst=192.168.56.7, udp=->, tcp=80->1056, dns=, host=, uri="
0,pcap_dns_http,"ip.src=192.168.56.10, ip.dst=192.168.56.7, udp=->, tcp=80->1140, dns=, host=, uri="
0,pcap_dns_http,"ip.src=192.168.56.10, ip.dst=192.168.56.7, udp=->, tcp=80->1057, dns=, host=, uri="
0,pcap_dns_http,"ip.src=192.168.56.10, ip.dst=192.168.56.7, udp=->, tcp=80->1141, dns=, host=, uri="
0,pcap_dns_http,"ip.src=192.168.56.10, ip.dst=192.168.56.7, udp=->, tcp=80->1057, dns=, host=, uri="
0,pcap_dns_http,"ip.src=192.168.56.10, ip.dst=192.168.56.7, udp=->, tcp=80->1141, dns=, host=, uri="
0,pcap_dns_http,"ip.src=192.168.56.10, ip.dst=192.168.56.7, udp=->, tcp=80->1058, dns=, host=, uri="
0,pcap_dns_http,"ip.src=192.168.56.10, ip.dst=192.168.56.7, udp=->, tcp=80->1142, dns=, host=, uri="
0,pcap_dns_http,"ip.src=192.168.56.10, ip.dst=192.168.56.7, udp=->, tcp=80->1058, dns=, host=, uri="
0,pcap_dns_http,"ip.src=192.168.56.10, ip.dst=192.168.56.7, udp=->, tcp=80->1142, dns=, host=, uri="
0,pcap_dns_http,"ip.src=192.168.56.10, ip.dst=192.168.56.7, udp=->, tcp=80->1057, dns=, host=, uri="
0,pcap_dns_http,"ip.src=192.168.56.10, ip.dst=192.168.56.7, udp=->, tcp=80->1141, dns=, host=, uri="
0,pcap_dns_http,"ip.src=192.168.56.10, ip.dst=192.168.56.7, udp=->, tcp=80->1058, dns=, host=, uri="
0,pcap_dns_http,"ip.src=192.168.56.10, ip.dst=192.168.56.7, udp=->, tcp=80->1142, dns=, host=, uri="
0,pcap_dns_http,"ip.src=192.168.56.10, ip.dst=192.168.56.7, udp=->, tcp=80->1058, dns=, host=, uri="
0,pcap_dns_http,"ip.src=192.168.56.10, ip.dst=192.168.56.7, udp=->, tcp=80->1142, dns=, host=, uri="
0,pcap_dns_http,"ip.src=192.168.56.10, ip.dst=192.168.56.7, udp=->, tcp=80->1059, dns=, host=, uri="
0,pcap_dns_http,"ip.src=192.168.56.10, ip.dst=192.168.56.7, udp=->, tcp=80->1143, dns=, host=, uri="
0,pcap_dns_http,"ip.src=192.168.56.10, ip.dst=192.168.56.7, udp=->, tcp=80->1059, dns=, host=, uri="
0,pcap_dns_http,"ip.src=192.168.56.10, ip.dst=192.168.56.7, udp=->, tcp=80->1143, dns=, host=, uri="
0,pcap_dns_http,"ip.src=192.168.56.10, ip.dst=192.168.56.7, udp=->, tcp=80->1058, dns=, host=, uri="
0,pcap_dns_http,"ip.src=192.168.56.10, ip.dst=192.168.56.7, udp=->, tcp=80->1142, dns=, host=, uri="
0,pcap_dns_http,"ip.src=192.168.56.10, ip.dst=192.168.56.7, udp=->, tcp=80->1059, dns=, host=, uri="
0,pcap_dns_http,"ip.src=192.168.56.10, ip.dst=192.168.56.7, udp=->, tcp=80->1143, dns=, host=, uri="
0,pcap_dns_http,"ip.src=192.168.56.10, ip.dst=192.168.56.7, udp=->, tcp=80->1059, dns=, host=, uri="
0,pcap_dns_http,"ip.src=192.168.56.10, ip.dst=192.168.56.7, udp=->, tcp=80->1143, dns=, host=, uri="
0,pcap_dns_http,"ip.src=192.168.56.10, ip.dst=192.168.56.7, udp=->, tcp=80->1060, dns=, host=, uri="
0,pcap_dns_http,"ip.src=192.168.56.10, ip.dst=192.168.56.7, udp=->, tcp=80->1144, dns=, host=, uri="
0,pcap_dns_http,"ip.src=192.168.56.10, ip.dst=192.168.56.7, udp=->, tcp=80->1060, dns=, host=, uri="
0,pcap_dns_http,"ip.src=192.168.56.10, ip.dst=192.168.56.7, udp=->, tcp=80->1144, dns=, host=, uri="
0,pcap_dns_http,"ip.src=192.168.56.10, ip.dst=192.168.56.7, udp=->, tcp=80->1059, dns=, host=, uri="
0,pcap_dns_http,"ip.src=192.168.56.10, ip.dst=192.168.56.7, udp=->, tcp=80->1143, dns=, host=, uri="
0,pcap_dns_http,"ip.src=192.168.56.10, ip.dst=192.168.56.7, udp=->, tcp=80->1060, dns=, host=, uri="
0,pcap_dns_http,"ip.src=192.168.56.10, ip.dst=192.168.56.7, udp=->, tcp=80->1144, dns=, host=, uri="
0,pcap_dns_http,"ip.src=192.168.56.10, ip.dst=192.168.56.7, udp=->, tcp=80->1060, dns=, host=, uri="
0,pcap_dns_http,"ip.src=192.168.56.10, ip.dst=192.168.56.7, udp=->, tcp=80->1144, dns=, host=, uri="
0,pcap_dns_http,"ip.src=192.168.56.10, ip.dst=192.168.56.7, udp=->, tcp=80->1061, dns=, host=, uri="
0,pcap_dns_http,"ip.src=192.168.56.10, ip.dst=192.168.56.7, udp=->, tcp=80->1144, dns=, host=, uri="
0,pcap_dns_http,"ip.src=192.168.56.10, ip.dst=192.168.56.7, udp=->, tcp=80->1061, dns=, host=, uri="
0,pcap_dns_http,"ip.src=192.168.56.10, ip.dst=192.168.56.7, udp=->, tcp=80->1060, dns=, host=, uri="
0,pcap_dns_http,"ip.src=192.168.56.10, ip.dst=192.168.56.7, udp=->, tcp=80->1145, dns=, host=, uri="
0,pcap_dns_http,"ip.src=192.168.56.10, ip.dst=192.168.56.7, udp=->, tcp=80->1061, dns=, host=, uri="
0,pcap_dns_http,"ip.src=192.168.56.10, ip.dst=192.168.56.7, udp=->, tcp=80->1145, dns=, host=, uri="
0,pcap_dns_http,"ip.src=192.168.56.10, ip.dst=192.168.56.7, udp=->, tcp=80->1061, dns=, host=, uri="
0,pcap_dns_http,"ip.src=192.168.56.10, ip.dst=192.168.56.7, udp=->, tcp=80->1145, dns=, host=, uri="
0,pcap_dns_http,"ip.src=192.168.56.10, ip.dst=192.168.56.7, udp=->, tcp=80->1062, dns=, host=, uri="
0,pcap_dns_http,"ip.src=192.168.56.10, ip.dst=192.168.56.7, udp=->, tcp=80->1145, dns=, host=, uri="
0,pcap_dns_http,"ip.src=192.168.56.10, ip.dst=192.168.56.7, udp=->, tcp=80->1062, dns=, host=, uri="
0,pcap_dns_http,"ip.src=192.168.56.10, ip.dst=192.168.56.7, udp=->, tcp=80->1146, dns=, host=, uri="
0,pcap_dns_http,"ip.src=192.168.56.10, ip.dst=192.168.56.7, udp=->, tcp=80->1061, dns=, host=, uri="
0,pcap_dns_http,"ip.src=192.168.56.10, ip.dst=192.168.56.7, udp=->, tcp=80->1146, dns=, host=, uri="
0,pcap_dns_http,"ip.src=192.168.56.10, ip.dst=192.168.56.7, udp=->, tcp=80->1062, dns=, host=, uri="
0,pcap_dns_http,"ip.src=192.168.56.10, ip.dst=192.168.56.7, udp=->, tcp=80->1145, dns=, host=, uri="
0,pcap_dns_http,"ip.src=192.168.56.10, ip.dst=192.168.56.7, udp=->, tcp=80->1062, dns=, host=, uri="
0,pcap_dns_http,"ip.src=192.168.56.10, ip.dst=192.168.56.7, udp=->, tcp=80->1146, dns=, host=, uri="
0,pcap_dns_http,"ip.src=192.168.56.10, ip.dst=192.168.56.7, udp=->, tcp=80->1062, dns=, host=, uri="
0,pcap_dns_http,"ip.src=192.168.56.10, ip.dst=192.168.56.7, udp=->, tcp=80->1146, dns=, host=, uri="
0,pcap_dns_http,"ip.src=192.168.56.10, ip.dst=192.168.56.7, udp=->, tcp=80->1146, dns=, host=, uri="
0,pcap_dns_http,"ip.src=192.168.56.10, ip.dst=192.168.56.7, udp=->, tcp=80->1150, dns=, host=, uri="
0,pcap_dns_http,"ip.src=192.168.56.10, ip.dst=192.168.56.7, udp=->, tcp=80->1069, dns=, host=, uri="
0,pcap_dns_http,"ip.src=192.168.56.10, ip.dst=192.168.56.7, udp=->, tcp=80->1150, dns=, host=, uri="
0,pcap_dns_http,"ip.src=192.168.56.10, ip.dst=192.168.56.7, udp=->, tcp=80->1069, dns=, host=, uri="
0,pcap_dns_http,"ip.src=192.168.56.10, ip.dst=192.168.56.7, udp=->, tcp=80->1150, dns=, host=, uri="
0,pcap_dns_http,"ip.src=192.168.56.10, ip.dst=192.168.56.7, udp=->, tcp=80->1069, dns=, host=, uri="
0,pcap_dns_http,"ip.src=192.168.56.10, ip.dst=192.168.56.7, udp=->, tcp=80->1150, dns=, host=, uri="
0,pcap_dns_http,"ip.src=192.168.56.10, ip.dst=192.168.56.7, udp=->, tcp=80->1069, dns=, host=, uri="
0,pcap_dns_http,"ip.src=192.168.56.10, ip.dst=192.168.56.7, udp=->, tcp=80->1150, dns=, host=, uri="
0,pcap_dns_http,"ip.src=192.168.56.10, ip.dst=192.168.56.7, udp=->, tcp=80->1070, dns=, host=, uri="
0,pcap_dns_http,"ip.src=192.168.56.10, ip.dst=192.168.56.7, udp=53->58798, tcp=->, dns=ocsp.globalsign.com, host=, uri="
0,pcap_dns_http,"ip.src=192.168.56.10, ip.dst=192.168.56.7, udp=->, tcp=80->1070, dns=, host=, uri="
0,pcap_dns_http,"ip.src=192.168.56.10, ip.dst=192.168.56.7, udp=->, tcp=80->1151, dns=, host=, uri="
0,pcap_dns_http,"ip.src=192.168.56.10, ip.dst=192.168.56.7, udp=->, tcp=80->1069, dns=, host=, uri="
0,pcap_dns_http,"ip.src=192.168.56.10, ip.dst=192.168.56.7, udp=->, tcp=80->1151, dns=, host=, uri="
0,pcap_dns_http,"ip.src=192.168.56.10, ip.dst=192.168.56.7, udp=->, tcp=80->1070, dns=, host=, uri="
0,pcap_dns_http,"ip.src=192.168.56.10, ip.dst=192.168.56.7, udp=->, tcp=80->1151, dns=, host=, uri="
0,pcap_dns_http,"ip.src=192.168.56.10, ip.dst=192.168.56.7, udp=->, tcp=80->1070, dns=, host=, uri="
0,pcap_dns_http,"ip.src=192.168.56.10, ip.dst=192.168.56.7, udp=->, tcp=80->1151, dns=, host=, uri="
0,pcap_dns_http,"ip.src=192.168.56.10, ip.dst=192.168.56.7, udp=->, tcp=80->1071, dns=, host=, uri="
0,pcap_dns_http,"ip.src=192.168.56.10, ip.dst=192.168.56.7, udp=->, tcp=80->1151, dns=, host=, uri="
0,pcap_dns_http,"ip.src=192.168.56.10, ip.dst=192.168.56.7, udp=->, tcp=80->1071, dns=, host=, uri="
0,pcap_dns_http,"ip.src=192.168.56.10, ip.dst=192.168.56.7, udp=->, tcp=80->1152, dns=, host=, uri="
0,pcap_dns_http,"ip.src=192.168.56.10, ip.dst=192.168.56.7, udp=->, tcp=80->1070, dns=, host=, uri="
0,pcap_dns_http,"ip.src=192.168.56.10, ip.dst=192.168.56.7, udp=->, tcp=80->1152, dns=, host=, uri="
0,pcap_dns_http,"ip.src=192.168.56.10, ip.dst=192.168.56.7, udp=->, tcp=80->1071, dns=, host=, uri="
0,pcap_dns_http,"ip.src=192.168.56.10, ip.dst=192.168.56.7, udp=->, tcp=80->1152, dns=, host=, uri="
0,pcap_dns_http,"ip.src=192.168.56.10, ip.dst=192.168.56.7, udp=->, tcp=80->1071, dns=, host=, uri="
0,pcap_dns_http,"ip.src=192.168.56.10, ip.dst=192.168.56.7, udp=->, tcp=80->1152, dns=, host=, uri="
0,pcap_dns_http,"ip.src=192.168.56.10, ip.dst=192.168.56.7, udp=->, tcp=80->1072, dns=, host=, uri="
0,pcap_dns_http,"ip.src=192.168.56.10, ip.dst=192.168.56.7, udp=->, tcp=80->1152, dns=, host=, uri="
0,pcap_dns_http,"ip.src=192.168.56.10, ip.dst=192.168.56.7, udp=->, tcp=80->1072, dns=, host=, uri="
0,pcap_dns_http,"ip.src=192.168.56.10, ip.dst=192.168.56.7, udp=->, tcp=80->1152, dns=, host=, uri="
0,pcap_dns_http,"ip.src=192.168.56.10, ip.dst=192.168.56.7, udp=->, tcp=80->1071, dns=, host=, uri="
0,pcap_dns_http,"ip.src=192.168.56.10, ip.dst=192.168.56.7, udp=53->55840, tcp=->, dns=crl.globalsign.com, host=, uri="
0,pcap_dns_http,"ip.src=192.168.56.10, ip.dst=192.168.56.7, udp=->, tcp=80->1072, dns=, host=, uri="
0,pcap_dns_http,"ip.src=192.168.56.10, ip.dst=192.168.56.7, udp=->, tcp=80->1153, dns=, host=, uri="
0,pcap_dns_http,"ip.src=192.168.56.10, ip.dst=192.168.56.7, udp=->, tcp=80->1072, dns=, host=, uri="
0,pcap_dns_http,"ip.src=192.168.56.10, ip.dst=192.168.56.7, udp=->, tcp=80->1153, dns=, host=, uri="
0,pcap_dns_http,"ip.src=0.0.0.0, ip.dst=255.255.255.255, udp=38539->45357, tcp=->, dns=, host=, uri="
0,pcap_dns_http,"ip.src=192.168.56.7, ip.dst=192.168.56.255, udp=137->137, tcp=->, dns=, host=, uri="
0,pcap_dns_http,"ip.src=192.168.56.7, ip.dst=192.168.56.255, udp=137->137, tcp=->, dns=, host=, uri="
0,pcap_dns_http,"ip.src=192.168.56.7, ip.dst=192.168.56.255, udp=137->137, tcp=->, dns=, host=, uri="
0,pcap_dns_http,"ip.src=192.168.56.10, ip.dst=192.168.56.7, udp=->, tcp=80->1153, dns=, host=, uri="
0,pcap_dns_http,"ip.src=192.168.56.10, ip.dst=192.168.56.7, udp=->, tcp=80->1073, dns=, host=, uri="
0,pcap_dns_http,"ip.src=192.168.56.10, ip.dst=192.168.56.7, udp=->, tcp=80->1153, dns=, host=, uri="
0,pcap_dns_http,"ip.src=192.168.56.10, ip.dst=192.168.56.7, udp=->, tcp=80->1073, dns=, host=, uri="
0,pcap_dns_http,"ip.src=192.168.56.10, ip.dst=192.168.56.7, udp=->, tcp=80->1153, dns=, host=, uri="
0,pcap_dns_http,"ip.src=192.168.56.10, ip.dst=192.168.56.7, udp=->, tcp=80->1072, dns=, host=, uri="
0,pcap_dns_http,"ip.src=192.168.56.10, ip.dst=192.168.56.7, udp=53->49975, tcp=->, dns=ocsp2.globalsign.com, host=, uri="
0,pcap_dns_http,"ip.src=192.168.56.10, ip.dst=192.168.56.7, udp=->, tcp=80->1073, dns=, host=, uri="
0,pcap_dns_http,"ip.src=192.168.56.10, ip.dst=192.168.56.7, udp=->, tcp=80->1154, dns=, host=, uri="
0,pcap_dns_http,"ip.src=192.168.56.10, ip.dst=192.168.56.7, udp=->, tcp=80->1073, dns=, host=, uri="
0,pcap_dns_http,"ip.src=192.168.56.10, ip.dst=192.168.56.7, udp=->, tcp=80->1154, dns=, host=, uri="
0,pcap_dns_http,"ip.src=192.168.56.10, ip.dst=192.168.56.7, udp=->, tcp=80->1074, dns=, host=, uri="
0,pcap_dns_http,"ip.src=192.168.56.10, ip.dst=192.168.56.7, udp=->, tcp=80->1154, dns=, host=, uri="
0,pcap_dns_http,"ip.src=192.168.56.10, ip.dst=192.168.56.7, udp=->, tcp=80->1074, dns=, host=, uri="
0,pcap_dns_http,"ip.src=192.168.56.10, ip.dst=192.168.56.7, udp=->, tcp=80->1154, dns=, host=, uri="
0,pcap_dns_http,"ip.src=192.168.56.10, ip.dst=192.168.56.7, udp=->, tcp=80->1073, dns=, host=, uri="
0,pcap_dns_http,"ip.src=192.168.56.10, ip.dst=192.168.56.7, udp=->, tcp=80->1154, dns=, host=, uri="
0,pcap_dns_http,"ip.src=192.168.56.10, ip.dst=192.168.56.7, udp=->, tcp=80->1074, dns=, host=, uri="
0,pcap_dns_http,"ip.src=192.168.56.10, ip.dst=192.168.56.7, udp=->, tcp=80->1155, dns=, host=, uri="
0,pcap_dns_http,"ip.src=192.168.56.10, ip.dst=192.168.56.7, udp=->, tcp=80->1074, dns=, host=, uri="
0,pcap_dns_http,"ip.src=192.168.56.10, ip.dst=192.168.56.7, udp=->, tcp=80->1155, dns=, host=, uri="
0,pcap_dns_http,"ip.src=192.168.56.10, ip.dst=192.168.56.7, udp=->, tcp=80->1074, dns=, host=, uri="
0,pcap_dns_http,"ip.src=192.168.56.10, ip.dst=192.168.56.7, udp=->, tcp=80->1155, dns=, host=, uri="
0,pcap_dns_http,"ip.src=192.168.56.10, ip.dst=192.168.56.7, udp=->, tcp=80->1075, dns=, host=, uri="
0,pcap_dns_http,"ip.src=192.168.56.10, ip.dst=192.168.56.7, udp=->, tcp=80->1155, dns=, host=, uri="
0,pcap_dns_http,"ip.src=192.168.56.10, ip.dst=192.168.56.7, udp=->, tcp=80->1075, dns=, host=, uri="
0,pcap_dns_http,"ip.src=192.168.56.10, ip.dst=192.168.56.7, udp=->, tcp=80->1155, dns=, host=, uri="
0,pcap_dns_http,"ip.src=192.168.56.10, ip.dst=192.168.56.7, udp=->, tcp=80->1075, dns=, host=, uri="
0,pcap_dns_http,"ip.src=192.168.56.10, ip.dst=192.168.56.7, udp=->, tcp=80->1155, dns=, host=, uri="
0,pcap_dns_http,"ip.src=192.168.56.10, ip.dst=192.168.56.7, udp=->, tcp=80->1075, dns=, host=, uri="
0,pcap_dns_http,"ip.src=192.168.56.10, ip.dst=192.168.56.7, udp=->, tcp=80->1156, dns=, host=, uri="
0,pcap_dns_http,"ip.src=192.168.56.10, ip.dst=192.168.56.7, udp=->, tcp=80->1076, dns=, host=, uri="
0,pcap_dns_http,"ip.src=192.168.56.10, ip.dst=192.168.56.7, udp=->, tcp=80->1156, dns=, host=, uri="
0,pcap_dns_http,"ip.src=192.168.56.10, ip.dst=192.168.56.7, udp=->, tcp=80->1076, dns=, host=, uri="
0,pcap_dns_http,"ip.src=192.168.56.10, ip.dst=192.168.56.7, udp=->, tcp=80->1156, dns=, host=, uri="
0,pcap_dns_http,"ip.src=192.168.56.10, ip.dst=192.168.56.7, udp=->, tcp=80->1075, dns=, host=, uri="
0,pcap_dns_http,"ip.src=192.168.56.10, ip.dst=192.168.56.7, udp=->, tcp=80->1156, dns=, host=, uri="
0,pcap_dns_http,"ip.src=192.168.56.10, ip.dst=192.168.56.7, udp=->, tcp=80->1076, dns=, host=, uri="
0,pcap_dns_http,"ip.src=192.168.56.10, ip.dst=192.168.56.7, udp=->, tcp=80->1156, dns=, host=, uri="
0,pcap_dns_http,"ip.src=192.168.56.10, ip.dst=192.168.56.7, udp=->, tcp=80->1076, dns=, host=, uri="
0,pcap_dns_http,"ip.src=192.168.56.10, ip.dst=192.168.56.7, udp=->, tcp=80->1157, dns=, host=, uri="
0,pcap_dns_http,"ip.src=192.168.56.10, ip.dst=192.168.56.7, udp=->, tcp=80->1076, dns=, host=, uri="
0,pcap_dns_http,"ip.src=192.168.56.10, ip.dst=192.168.56.7, udp=->, tcp=80->1157, dns=, host=, uri="
0,pcap_dns_http,"ip.src=192.168.56.10, ip.dst=192.168.56.7, udp=->, tcp=80->1157, dns=, host=, uri="
0,pcap_dns_http,"ip.src=192.168.56.10, ip.dst=192.168.56.7, udp=->, tcp=80->1157, dns=, host=, uri="
0,pcap_dns_http,"ip.src=192.168.56.10, ip.dst=192.168.56.7, udp=->, tcp=80->1083, dns=, host=, uri="
0,pcap_dns_http,"ip.src=192.168.56.10, ip.dst=192.168.56.7, udp=->, tcp=80->1157, dns=, host=, uri="
0,pcap_dns_http,"ip.src=192.168.56.10, ip.dst=192.168.56.7, udp=->, tcp=80->1083, dns=, host=, uri="
0,pcap_dns_http,"ip.src=192.168.56.10, ip.dst=192.168.56.7, udp=->, tcp=80->1159, dns=, host=, uri="
0,pcap_dns_http,"ip.src=192.168.56.10, ip.dst=192.168.56.7, udp=->, tcp=80->1083, dns=, host=, uri="
0,pcap_dns_http,"ip.src=192.168.56.10, ip.dst=192.168.56.7, udp=->, tcp=80->1159, dns=, host=, uri="
0,pcap_dns_http,"ip.src=192.168.56.10, ip.dst=192.168.56.7, udp=->, tcp=80->1083, dns=, host=, uri="
0,pcap_dns_http,"ip.src=192.168.56.10, ip.dst=192.168.56.7, udp=->, tcp=80->1159, dns=, host=, uri="
0,pcap_dns_http,"ip.src=192.168.56.10, ip.dst=192.168.56.7, udp=->, tcp=80->1084, dns=, host=, uri="
0,pcap_dns_http,"ip.src=192.168.56.10, ip.dst=192.168.56.7, udp=->, tcp=80->1159, dns=, host=, uri="
0,pcap_dns_http,"ip.src=192.168.56.10, ip.dst=192.168.56.7, udp=->, tcp=80->1084, dns=, host=, uri="
0,pcap_dns_http,"ip.src=192.168.56.10, ip.dst=192.168.56.7, udp=->, tcp=80->1159, dns=, host=, uri="
0,pcap_dns_http,"ip.src=192.168.56.10, ip.dst=192.168.56.7, udp=->, tcp=80->1083, dns=, host=, uri="
0,pcap_dns_http,"ip.src=192.168.56.10, ip.dst=192.168.56.7, udp=->, tcp=80->1159, dns=, host=, uri="
0,pcap_dns_http,"ip.src=192.168.56.10, ip.dst=192.168.56.7, udp=->, tcp=80->1084, dns=, host=, uri="
0,pcap_dns_http,"ip.src=192.168.56.10, ip.dst=192.168.56.7, udp=->, tcp=80->1160, dns=, host=, uri="
0,pcap_dns_http,"ip.src=192.168.56.10, ip.dst=192.168.56.7, udp=->, tcp=80->1084, dns=, host=, uri="
0,pcap_dns_http,"ip.src=192.168.56.10, ip.dst=192.168.56.7, udp=->, tcp=80->1160, dns=, host=, uri="
0,pcap_dns_http,"ip.src=192.168.56.10, ip.dst=192.168.56.7, udp=->, tcp=80->1084, dns=, host=, uri="
0,pcap_dns_http,"ip.src=192.168.56.10, ip.dst=192.168.56.7, udp=->, tcp=80->1160, dns=, host=, uri="
0,pcap_dns_http,"ip.src=192.168.56.10, ip.dst=192.168.56.7, udp=->, tcp=80->1085, dns=, host=, uri="
0,pcap_dns_http,"ip.src=192.168.56.10, ip.dst=192.168.56.7, udp=->, tcp=80->1160, dns=, host=, uri="
0,pcap_dns_http,"ip.src=192.168.56.10, ip.dst=192.168.56.7, udp=->, tcp=80->1085, dns=, host=, uri="
0,pcap_dns_http,"ip.src=192.168.56.10, ip.dst=192.168.56.7, udp=->, tcp=80->1160, dns=, host=, uri="
0,pcap_dns_http,"ip.src=192.168.56.10, ip.dst=192.168.56.7, udp=->, tcp=80->1085, dns=, host=, uri="
0,pcap_dns_http,"ip.src=192.168.56.10, ip.dst=192.168.56.7, udp=->, tcp=80->1162, dns=, host=, uri="
0,pcap_dns_http,"ip.src=192.168.56.10, ip.dst=192.168.56.7, udp=->, tcp=80->1085, dns=, host=, uri="
0,pcap_dns_http,"ip.src=192.168.56.10, ip.dst=192.168.56.7, udp=->, tcp=80->1162, dns=, host=, uri="
0,pcap_dns_http,"ip.src=192.168.56.10, ip.dst=192.168.56.7, udp=->, tcp=80->1086, dns=, host=, uri="
0,pcap_dns_http,"ip.src=192.168.56.10, ip.dst=192.168.56.7, udp=->, tcp=80->1162, dns=, host=, uri="
0,pcap_dns_http,"ip.src=192.168.56.10, ip.dst=192.168.56.7, udp=->, tcp=80->1086, dns=, host=, uri="
0,pcap_dns_http,"ip.src=192.168.56.10, ip.dst=192.168.56.7, udp=->, tcp=80->1162, dns=, host=, uri="
0,pcap_dns_http,"ip.src=192.168.56.10, ip.dst=192.168.56.7, udp=->, tcp=80->1085, dns=, host=, uri="
0,pcap_dns_http,"ip.src=192.168.56.10, ip.dst=192.168.56.7, udp=->, tcp=80->1162, dns=, host=, uri="
0,pcap_dns_http,"ip.src=192.168.56.10, ip.dst=192.168.56.7, udp=->, tcp=80->1086, dns=, host=, uri="
0,pcap_dns_http,"ip.src=192.168.56.10, ip.dst=192.168.56.7, udp=->, tcp=80->1086, dns=, host=, uri="
0,pcap_dns_http,"ip.src=192.168.56.10, ip.dst=192.168.56.7, udp=->, tcp=80->1164, dns=, host=, uri="
0,pcap_dns_http,"ip.src=192.168.56.10, ip.dst=192.168.56.7, udp=->, tcp=80->1087, dns=, host=, uri="
0,pcap_dns_http,"ip.src=192.168.56.10, ip.dst=192.168.56.7, udp=->, tcp=80->1164, dns=, host=, uri="
0,pcap_dns_http,"ip.src=192.168.56.10, ip.dst=192.168.56.7, udp=->, tcp=80->1087, dns=, host=, uri="
0,pcap_dns_http,"ip.src=192.168.56.10, ip.dst=192.168.56.7, udp=->, tcp=80->1164, dns=, host=, uri="
0,pcap_dns_http,"ip.src=192.168.56.10, ip.dst=192.168.56.7, udp=->, tcp=80->1086, dns=, host=, uri="
0,pcap_dns_http,"ip.src=192.168.56.10, ip.dst=192.168.56.7, udp=->, tcp=80->1164, dns=, host=, uri="
0,pcap_dns_http,"ip.src=192.168.56.10, ip.dst=192.168.56.7, udp=->, tcp=80->1087, dns=, host=, uri="
0,pcap_dns_http,"ip.src=192.168.56.10, ip.dst=192.168.56.7, udp=->, tcp=80->1165, dns=, host=, uri="
0,pcap_dns_http,"ip.src=192.168.56.10, ip.dst=192.168.56.7, udp=->, tcp=80->1087, dns=, host=, uri="
0,pcap_dns_http,"ip.src=192.168.56.10, ip.dst=192.168.56.7, udp=->, tcp=80->1165, dns=, host=, uri="
0,pcap_dns_http,"ip.src=192.168.56.10, ip.dst=192.168.56.7, udp=->, tcp=80->1088, dns=, host=, uri="
0,pcap_dns_http,"ip.src=192.168.56.10, ip.dst=192.168.56.7, udp=->, tcp=80->1164, dns=, host=, uri="
0,pcap_dns_http,"ip.src=192.168.56.10, ip.dst=192.168.56.7, udp=->, tcp=80->1088, dns=, host=, uri="
0,pcap_dns_http,"ip.src=192.168.56.10, ip.dst=192.168.56.7, udp=->, tcp=80->1165, dns=, host=, uri="
0,pcap_dns_http,"ip.src=192.168.56.10, ip.dst=192.168.56.7, udp=->, tcp=80->1087, dns=, host=, uri="
0,pcap_dns_http,"ip.src=192.168.56.10, ip.dst=192.168.56.7, udp=->, tcp=80->1165, dns=, host=, uri="
0,pcap_dns_http,"ip.src=192.168.56.10, ip.dst=192.168.56.7, udp=->, tcp=80->1088, dns=, host=, uri="
0,pcap_dns_http,"ip.src=192.168.56.10, ip.dst=192.168.56.7, udp=->, tcp=80->1165, dns=, host=, uri="
0,pcap_dns_http,"ip.src=192.168.56.10, ip.dst=192.168.56.7, udp=->, tcp=80->1088, dns=, host=, uri="
0,pcap_dns_http,"ip.src=192.168.56.10, ip.dst=192.168.56.7, udp=->, tcp=80->1166, dns=, host=, uri="
0,pcap_dns_http,"ip.src=192.168.56.10, ip.dst=192.168.56.7, udp=->, tcp=80->1089, dns=, host=, uri="
0,pcap_dns_http,"ip.src=192.168.56.10, ip.dst=192.168.56.7, udp=->, tcp=80->1166, dns=, host=, uri="
0,pcap_dns_http,"ip.src=192.168.56.10, ip.dst=192.168.56.7, udp=->, tcp=80->1089, dns=, host=, uri="
0,pcap_dns_http,"ip.src=192.168.56.10, ip.dst=192.168.56.7, udp=->, tcp=80->1166, dns=, host=, uri="
0,pcap_dns_http,"ip.src=192.168.56.10, ip.dst=192.168.56.7, udp=->, tcp=80->1088, dns=, host=, uri="
0,pcap_dns_http,"ip.src=192.168.56.10, ip.dst=192.168.56.7, udp=->, tcp=80->1166, dns=, host=, uri="
0,pcap_dns_http,"ip.src=192.168.56.10, ip.dst=192.168.56.7, udp=->, tcp=80->1089, dns=, host=, uri="
0,pcap_dns_http,"ip.src=192.168.56.10, ip.dst=192.168.56.7, udp=->, tcp=80->1167, dns=, host=, uri="
0,pcap_dns_http,"ip.src=192.168.56.10, ip.dst=192.168.56.7, udp=->, tcp=80->1089, dns=, host=, uri="
0,pcap_dns_http,"ip.src=192.168.56.10, ip.dst=192.168.56.7, udp=->, tcp=80->1167, dns=, host=, uri="
0,pcap_dns_http,"ip.src=192.168.56.10, ip.dst=192.168.56.7, udp=->, tcp=80->1090, dns=, host=, uri="
0,pcap_dns_http,"ip.src=192.168.56.10, ip.dst=192.168.56.7, udp=->, tcp=80->1166, dns=, host=, uri="
0,pcap_dns_http,"ip.src=192.168.56.10, ip.dst=192.168.56.7, udp=->, tcp=80->1090, dns=, host=, uri="
0,pcap_dns_http,"ip.src=192.168.56.10, ip.dst=192.168.56.7, udp=->, tcp=80->1167, dns=, host=, uri="
0,pcap_dns_http,"ip.src=192.168.56.10, ip.dst=192.168.56.7, udp=->, tcp=80->1089, dns=, host=, uri="
0,pcap_dns_http,"ip.src=192.168.56.10, ip.dst=192.168.56.7, udp=->, tcp=80->1167, dns=, host=, uri="
0,pcap_dns_http,"ip.src=192.168.56.10, ip.dst=192.168.56.7, udp=->, tcp=80->1090, dns=, host=, uri="
0,pcap_dns_http,"ip.src=192.168.56.10, ip.dst=192.168.56.7, udp=->, tcp=80->1168, dns=, host=, uri="
0,pcap_dns_http,"ip.src=192.168.56.10, ip.dst=192.168.56.7, udp=->, tcp=80->1090, dns=, host=, uri="
0,pcap_dns_http,"ip.src=192.168.56.10, ip.dst=192.168.56.7, udp=->, tcp=80->1168, dns=, host=, uri="
0,pcap_dns_http,"ip.src=192.168.56.10, ip.dst=192.168.56.7, udp=->, tcp=80->1090, dns=, host=, uri="
0,pcap_dns_http,"ip.src=192.168.56.10, ip.dst=192.168.56.7, udp=->, tcp=80->1167, dns=, host=, uri="
0,pcap_dns_http,"ip.src=192.168.56.10, ip.dst=192.168.56.7, udp=->, tcp=80->1168, dns=, host=, uri="
0,pcap_dns_http,"ip.src=192.168.56.10, ip.dst=192.168.56.7, udp=->, tcp=80->1168, dns=, host=, uri="
0,pcap_dns_http,"ip.src=192.168.56.10, ip.dst=192.168.56.7, udp=->, tcp=80->1169, dns=, host=, uri="
0,pcap_dns_http,"ip.src=192.168.56.10, ip.dst=192.168.56.7, udp=->, tcp=80->1097, dns=, host=, uri="
0,pcap_dns_http,"ip.src=192.168.56.10, ip.dst=192.168.56.7, udp=->, tcp=80->1169, dns=, host=, uri="
0,pcap_dns_http,"ip.src=192.168.56.10, ip.dst=192.168.56.7, udp=->, tcp=80->1097, dns=, host=, uri="
0,pcap_dns_http,"ip.src=192.168.56.10, ip.dst=192.168.56.7, udp=->, tcp=80->1168, dns=, host=, uri="
0,pcap_dns_http,"ip.src=192.168.56.10, ip.dst=192.168.56.7, udp=->, tcp=80->1097, dns=, host=, uri="
0,pcap_dns_http,"ip.src=192.168.56.10, ip.dst=192.168.56.7, udp=->, tcp=80->1169, dns=, host=, uri="
0,pcap_dns_http,"ip.src=192.168.56.10, ip.dst=192.168.56.7, udp=->, tcp=80->1097, dns=, host=, uri="
0,pcap_dns_http,"ip.src=192.168.56.10, ip.dst=192.168.56.7, udp=->, tcp=80->1169, dns=, host=, uri="
0,pcap_dns_http,"ip.src=192.168.56.10, ip.dst=192.168.56.7, udp=->, tcp=80->1098, dns=, host=, uri="
0,pcap_dns_http,"ip.src=192.168.56.10, ip.dst=192.168.56.7, udp=->, tcp=80->1170, dns=, host=, uri="
0,pcap_dns_http,"ip.src=192.168.56.10, ip.dst=192.168.56.7, udp=->, tcp=80->1098, dns=, host=, uri="
0,pcap_dns_http,"ip.src=192.168.56.10, ip.dst=192.168.56.7, udp=->, tcp=80->1170, dns=, host=, uri="
0,pcap_dns_http,"ip.src=192.168.56.10, ip.dst=192.168.56.7, udp=->, tcp=80->1097, dns=, host=, uri="
0,pcap_dns_http,"ip.src=192.168.56.10, ip.dst=192.168.56.7, udp=->, tcp=80->1169, dns=, host=, uri="
0,pcap_dns_http,"ip.src=192.168.56.10, ip.dst=192.168.56.7, udp=->, tcp=80->1098, dns=, host=, uri="
0,pcap_dns_http,"ip.src=192.168.56.10, ip.dst=192.168.56.7, udp=->, tcp=80->1170, dns=, host=, uri="
0,pcap_dns_http,"ip.src=192.168.56.10, ip.dst=192.168.56.7, udp=->, tcp=80->1098, dns=, host=, uri="
0,pcap_dns_http,"ip.src=192.168.56.10, ip.dst=192.168.56.7, udp=->, tcp=80->1170, dns=, host=, uri="
0,pcap_dns_http,"ip.src=192.168.56.10, ip.dst=192.168.56.7, udp=->, tcp=80->1099, dns=, host=, uri="
0,pcap_dns_http,"ip.src=192.168.56.10, ip.dst=192.168.56.7, udp=->, tcp=80->1171, dns=, host=, uri="
0,pcap_dns_http,"ip.src=192.168.56.10, ip.dst=192.168.56.7, udp=->, tcp=80->1099, dns=, host=, uri="
0,pcap_dns_http,"ip.src=192.168.56.10, ip.dst=192.168.56.7, udp=->, tcp=80->1171, dns=, host=, uri="
0,pcap_dns_http,"ip.src=192.168.56.10, ip.dst=192.168.56.7, udp=->, tcp=80->1098, dns=, host=, uri="
0,pcap_dns_http,"ip.src=192.168.56.10, ip.dst=192.168.56.7, udp=->, tcp=80->1170, dns=, host=, uri="
0,pcap_dns_http,"ip.src=192.168.56.10, ip.dst=192.168.56.7, udp=->, tcp=80->1099, dns=, host=, uri="
0,pcap_dns_http,"ip.src=192.168.56.10, ip.dst=192.168.56.7, udp=->, tcp=80->1171, dns=, host=, uri="
0,pcap_dns_http,"ip.src=192.168.56.10, ip.dst=192.168.56.7, udp=->, tcp=80->1099, dns=, host=, uri="
0,pcap_dns_http,"ip.src=192.168.56.10, ip.dst=192.168.56.7, udp=->, tcp=80->1171, dns=, host=, uri="
0,pcap_dns_http,"ip.src=192.168.56.10, ip.dst=192.168.56.7, udp=->, tcp=80->1100, dns=, host=, uri="
0,pcap_dns_http,"ip.src=192.168.56.10, ip.dst=192.168.56.7, udp=->, tcp=80->1171, dns=, host=, uri="
0,pcap_dns_http,"ip.src=192.168.56.10, ip.dst=192.168.56.7, udp=->, tcp=80->1100, dns=, host=, uri="
0,pcap_dns_http,"ip.src=192.168.56.10, ip.dst=192.168.56.7, udp=->, tcp=80->1099, dns=, host=, uri="
0,pcap_dns_http,"ip.src=192.168.56.10, ip.dst=192.168.56.7, udp=->, tcp=80->1100, dns=, host=, uri="
0,pcap_dns_http,"ip.src=192.168.56.10, ip.dst=192.168.56.7, udp=->, tcp=80->1100, dns=, host=, uri="
0,pcap_dns_http,"ip.src=192.168.56.10, ip.dst=192.168.56.7, udp=->, tcp=80->1101, dns=, host=, uri="
0,pcap_dns_http,"ip.src=192.168.56.10, ip.dst=192.168.56.7, udp=->, tcp=80->1101, dns=, host=, uri="
0,pcap_dns_http,"ip.src=192.168.56.10, ip.dst=192.168.56.7, udp=->, tcp=80->1100, dns=, host=, uri="
0,pcap_dns_http,"ip.src=192.168.56.10, ip.dst=192.168.56.7, udp=->, tcp=80->1101, dns=, host=, uri="
0,pcap_dns_http,"ip.src=192.168.56.10, ip.dst=192.168.56.7, udp=->, tcp=80->1101, dns=, host=, uri="
0,pcap_dns_http,"ip.src=192.168.56.10, ip.dst=192.168.56.7, udp=->, tcp=80->1102, dns=, host=, uri="
0,pcap_dns_http,"ip.src=192.168.56.10, ip.dst=192.168.56.7, udp=->, tcp=80->1102, dns=, host=, uri="
0,pcap_dns_http,"ip.src=192.168.56.10, ip.dst=192.168.56.7, udp=->, tcp=80->1101, dns=, host=, uri="
0,pcap_dns_http,"ip.src=192.168.56.10, ip.dst=192.168.56.7, udp=->, tcp=80->1102, dns=, host=, uri="
0,pcap_dns_http,"ip.src=192.168.56.10, ip.dst=192.168.56.7, udp=->, tcp=80->1102, dns=, host=, uri="
0,pcap_dns_http,"ip.src=192.168.56.10, ip.dst=192.168.56.7, udp=->, tcp=80->1103, dns=, host=, uri="
0,pcap_dns_http,"ip.src=192.168.56.10, ip.dst=192.168.56.7, udp=->, tcp=80->1103, dns=, host=, uri="
0,pcap_dns_http,"ip.src=192.168.56.10, ip.dst=192.168.56.7, udp=53->51201, tcp=->, dns=teredo.ipv6.microsoft.com, host=, uri="
0,pcap_dns_http,"ip.src=192.168.56.10, ip.dst=192.168.56.7, udp=->, tcp=80->1102, dns=, host=, uri="
0,pcap_dns_http,"ip.src=192.168.56.10, ip.dst=192.168.56.7, udp=->, tcp=80->1103, dns=, host=, uri="
0,pcap_dns_http,"ip.src=192.168.56.10, ip.dst=192.168.56.7, udp=->, tcp=80->1103, dns=, host=, uri="
0,pcap_dns_http,"ip.src=192.168.56.10, ip.dst=192.168.56.7, udp=->, tcp=80->1104, dns=, host=, uri="
0,pcap_dns_http,"ip.src=192.168.56.10, ip.dst=192.168.56.7, udp=53->52604, tcp=->, dns=ctldl.windowsupdate.com, host=, uri="
0,pcap_dns_http,"ip.src=192.168.56.10, ip.dst=192.168.56.7, udp=->, tcp=80->1104, dns=, host=, uri="
0,pcap_dns_http,"ip.src=192.168.56.10, ip.dst=192.168.56.7, udp=->, tcp=80->1030, dns=, host=, uri="
0,pcap_dns_http,"ip.src=192.168.56.10, ip.dst=192.168.56.7, udp=->, tcp=80->1103, dns=, host=, uri="
0,pcap_dns_http,"ip.src=192.168.56.10, ip.dst=192.168.56.7, udp=->, tcp=80->1030, dns=, host=, uri="
0,pcap_dns_http,"ip.src=192.168.56.10, ip.dst=192.168.56.7, udp=->, tcp=80->1104, dns=, host=, uri="
0,pcap_dns_http,"ip.src=192.168.56.10, ip.dst=192.168.56.7, udp=->, tcp=80->1030, dns=, host=, uri="
0,pcap_dns_http,"ip.src=192.168.56.10, ip.dst=192.168.56.7, udp=->, tcp=80->1104, dns=, host=, uri="
0,pcap_dns_http,"ip.src=192.168.56.10, ip.dst=192.168.56.7, udp=->, tcp=80->1030, dns=, host=, uri="
0,pcap_dns_http,"ip.src=192.168.56.10, ip.dst=192.168.56.7, udp=->, tcp=80->1104, dns=, host=, uri="
0,pcap_dns_http,"ip.src=192.168.56.10, ip.dst=192.168.56.7, udp=->, tcp=80->1030, dns=, host=, uri="
0,pcap_dns_http,"ip.src=192.168.56.10, ip.dst=192.168.56.7, udp=->, tcp=80->1031, dns=, host=, uri="
0,pcap_dns_http,"ip.src=192.168.56.10, ip.dst=192.168.56.7, udp=->, tcp=80->1031, dns=, host=, uri="
0,pcap_dns_http,"ip.src=192.168.56.10, ip.dst=192.168.56.7, udp=->, tcp=80->1111, dns=, host=, uri="
0,pcap_dns_http,"ip.src=192.168.56.10, ip.dst=192.168.56.7, udp=->, tcp=80->1031, dns=, host=, uri="
0,pcap_dns_http,"ip.src=192.168.56.10, ip.dst=192.168.56.7, udp=->, tcp=80->1111, dns=, host=, uri="
0,pcap_dns_http,"ip.src=192.168.56.10, ip.dst=192.168.56.7, udp=->, tcp=80->1031, dns=, host=, uri="
0,pcap_dns_http,"ip.src=192.168.56.10, ip.dst=192.168.56.7, udp=->, tcp=80->1111, dns=, host=, uri="
0,pcap_dns_http,"ip.src=192.168.56.10, ip.dst=192.168.56.7, udp=->, tcp=80->1031, dns=, host=, uri="
0,pcap_dns_http,"ip.src=192.168.56.10, ip.dst=192.168.56.7, udp=->, tcp=80->1111, dns=, host=, uri="
0,pcap_dns_http,"ip.src=192.168.56.10, ip.dst=192.168.56.7, udp=->, tcp=80->1112, dns=, host=, uri="
0,pcap_dns_http,"ip.src=192.168.56.10, ip.dst=192.168.56.7, udp=->, tcp=80->1032, dns=, host=, uri="
0,pcap_dns_http,"ip.src=192.168.56.10, ip.dst=192.168.56.7, udp=->, tcp=80->1112, dns=, host=, uri="
0,pcap_dns_http,"ip.src=192.168.56.10, ip.dst=192.168.56.7, udp=->, tcp=80->1032, dns=, host=, uri="
0,pcap_dns_http,"ip.src=192.168.56.10, ip.dst=192.168.56.7, udp=->, tcp=80->1111, dns=, host=, uri="
0,pcap_dns_http,"ip.src=192.168.56.10, ip.dst=192.168.56.7, udp=->, tcp=80->1032, dns=, host=, uri="
0,pcap_dns_http,"ip.src=192.168.56.10, ip.dst=192.168.56.7, udp=->, tcp=80->1112, dns=, host=, uri="
0,pcap_dns_http,"ip.src=192.168.56.10, ip.dst=192.168.56.7, udp=->, tcp=80->1032, dns=, host=, uri="
0,pcap_dns_http,"ip.src=192.168.56.10, ip.dst=192.168.56.7, udp=->, tcp=80->1112, dns=, host=, uri="
0,pcap_dns_http,"ip.src=192.168.56.10, ip.dst=192.168.56.7, udp=->, tcp=80->1032, dns=, host=, uri="
0,pcap_dns_http,"ip.src=192.168.56.10, ip.dst=192.168.56.7, udp=->, tcp=80->1113, dns=, host=, uri="
0,pcap_dns_http,"ip.src=192.168.56.10, ip.dst=192.168.56.7, udp=->, tcp=80->1113, dns=, host=, uri="
0,pcap_dns_http,"ip.src=192.168.56.10, ip.dst=192.168.56.7, udp=53->60887, tcp=->, dns=dns.msftncsi.com, host=, uri="
0,pcap_dns_http,"ip.src=192.168.56.10, ip.dst=192.168.56.7, udp=->, tcp=80->1112, dns=, host=, uri="
0,pcap_dns_http,"ip.src=192.168.56.10, ip.dst=192.168.56.7, udp=53->61050, tcp=->, dns=wj32.org, host=, uri="
0,pcap_dns_http,"ip.src=192.168.56.10, ip.dst=192.168.56.7, udp=->, tcp=80->1113, dns=, host=, uri="
0,pcap_dns_http,"ip.src=192.168.56.10, ip.dst=192.168.56.7, udp=->, tcp=443->1034, dns=, host=, uri="
0,pcap_dns_http,"ip.src=192.168.56.10, ip.dst=192.168.56.7, udp=->, tcp=80->1113, dns=, host=, uri="
0,pcap_dns_http,"ip.src=192.168.56.10, ip.dst=192.168.56.7, udp=->, tcp=443->1034, dns=, host=, uri="
0,pcap_dns_http,"ip.src=192.168.56.10, ip.dst=192.168.56.7, udp=->, tcp=80->1114, dns=, host=, uri="
0,pcap_dns_http,"ip.src=192.168.56.10, ip.dst=192.168.56.7, udp=->, tcp=443->1034, dns=, host=, uri="
0,pcap_dns_http,"ip.src=192.168.56.10, ip.dst=192.168.56.7, udp=->, tcp=80->1114, dns=, host=, uri="
0,pcap_dns_http,"ip.src=192.168.56.10, ip.dst=192.168.56.7, udp=->, tcp=443->1034, dns=, host=, uri="
0,pcap_dns_http,"ip.src=192.168.56.10, ip.dst=192.168.56.7, udp=->, tcp=80->1113, dns=, host=, uri="
0,pcap_dns_http,"ip.src=192.168.56.10, ip.dst=192.168.56.7, udp=->, tcp=443->1034, dns=, host=, uri="
0,pcap_dns_http,"ip.src=192.168.56.10, ip.dst=192.168.56.7, udp=->, tcp=80->1114, dns=, host=, uri="
0,pcap_dns_http,"ip.src=192.168.56.10, ip.dst=192.168.56.7, udp=->, tcp=443->1034, dns=, host=, uri="
0,pcap_dns_http,"ip.src=192.168.56.10, ip.dst=192.168.56.7, udp=->, tcp=80->1114, dns=, host=, uri="
0,pcap_dns_http,"ip.src=192.168.56.10, ip.dst=192.168.56.7, udp=->, tcp=443->1034, dns=, host=, uri="
0,pcap_dns_http,"ip.src=192.168.56.10, ip.dst=192.168.56.7, udp=->, tcp=80->1114, dns=, host=, uri="
0,pcap_dns_http,"ip.src=192.168.56.10, ip.dst=192.168.56.7, udp=53->55050, tcp=->, dns=processhacker.sourceforge.io, host=, uri="
0,pcap_dns_http,"ip.src=192.168.56.10, ip.dst=192.168.56.7, udp=->, tcp=80->1115, dns=, host=, uri="
0,pcap_dns_http,"ip.src=192.168.56.10, ip.dst=192.168.56.7, udp=->, tcp=443->1035, dns=, host=, uri="
0,pcap_dns_http,"ip.src=192.168.56.10, ip.dst=192.168.56.7, udp=->, tcp=80->1115, dns=, host=, uri="
0,pcap_dns_http,"ip.src=192.168.56.10, ip.dst=192.168.56.7, udp=->, tcp=443->1035, dns=, host=, uri="
0,pcap_dns_http,"ip.src=192.168.56.10, ip.dst=192.168.56.7, udp=->, tcp=80->1115, dns=, host=, uri="
0,pcap_dns_http,"ip.src=192.168.56.10, ip.dst=192.168.56.7, udp=->, tcp=443->1035, dns=, host=, uri="
0,pcap_dns_http,"ip.src=192.168.56.10, ip.dst=192.168.56.7, udp=->, tcp=80->1115, dns=, host=, uri="
0,pcap_dns_http,"ip.src=192.168.56.10, ip.dst=192.168.56.7, udp=->, tcp=443->1035, dns=, host=, uri="
0,pcap_dns_http,"ip.src=192.168.56.10, ip.dst=192.168.56.7, udp=->, tcp=80->1116, dns=, host=, uri="
0,pcap_dns_http,"ip.src=192.168.56.10, ip.dst=192.168.56.7, udp=->, tcp=443->1035, dns=, host=, uri="
0,pcap_dns_http,"ip.src=192.168.56.10, ip.dst=192.168.56.7, udp=->, tcp=80->1116, dns=, host=, uri="
0,pcap_dns_http,"ip.src=192.168.56.10, ip.dst=192.168.56.7, udp=->, tcp=443->1035, dns=, host=, uri="
0,pcap_dns_http,"ip.src=192.168.56.10, ip.dst=192.168.56.7, udp=->, tcp=80->1115, dns=, host=, uri="
0,pcap_dns_http,"ip.src=192.168.56.10, ip.dst=192.168.56.7, udp=->, tcp=443->1035, dns=, host=, uri="
0,pcap_dns_http,"ip.src=192.168.56.10, ip.dst=192.168.56.7, udp=->, tcp=80->1116, dns=, host=, uri="
0,pcap_dns_http,"ip.src=192.168.56.10, ip.dst=192.168.56.7, udp=53->60159, tcp=->, dns=dns.msftncsi.com, host=, uri="
0,pcap_dns_http,"ip.src=192.168.56.10, ip.dst=192.168.56.7, udp=->, tcp=80->1116, dns=, host=, uri="
0,pcap_dns_http,"ip.src=192.168.56.10, ip.dst=192.168.56.7, udp=->, tcp=80->1117, dns=, host=, uri="
0,pcap_dns_http,"ip.src=192.168.56.10, ip.dst=192.168.56.7, udp=53->54783, tcp=->, dns=dns.msftncsi.com, host=, uri="
0,pcap_dns_http,"ip.src=192.168.56.10, ip.dst=192.168.56.7, udp=->, tcp=80->1117, dns=, host=, uri="
0,pcap_dns_http,"ip.src=192.168.56.10, ip.dst=192.168.56.7, udp=->, tcp=80->1116, dns=, host=, uri="
0,pcap_dns_http,"ip.src=192.168.56.10, ip.dst=192.168.56.7, udp=->, tcp=80->1117, dns=, host=, uri="
0,pcap_dns_http,"ip.src=192.168.56.10, ip.dst=192.168.56.7, udp=53->61602, tcp=->, dns=dns.msftncsi.com, host=, uri="
0,pcap_dns_http,"ip.src=192.168.56.10, ip.dst=192.168.56.7, udp=->, tcp=80->1117, dns=, host=, uri="
0,pcap_dns_http,"ip.src=192.168.56.10, ip.dst=192.168.56.7, udp=53->54709, tcp=->, dns=fqxvhuyy.it, host=, uri="
0,pcap_dns_http,"ip.src=192.168.56.10, ip.dst=192.168.56.7, udp=->, tcp=80->1118, dns=, host=, uri="
0,pcap_dns_http,"ip.src=192.168.56.10, ip.dst=192.168.56.7, udp=->, tcp=80->1041, dns=, host=, uri="
0,pcap_dns_http,"ip.src=192.168.56.10, ip.dst=192.168.56.7, udp=->, tcp=80->1118, dns=, host=, uri="
0,pcap_dns_http,"ip.src=192.168.56.10, ip.dst=192.168.56.7, udp=->, tcp=80->1041, dns=, host=, uri="
0,pcap_dns_http,"ip.src=192.168.56.10, ip.dst=192.168.56.7, udp=->, tcp=80->1117, dns=, host=, uri="
0,pcap_dns_http,"ip.src=192.168.56.10, ip.dst=192.168.56.7, udp=->, tcp=80->1041, dns=, host=, uri="
0,pcap_dns_http,"ip.src=192.168.56.10, ip.dst=192.168.56.7, udp=->, tcp=80->1118, dns=, host=, uri="
0,pcap_dns_http,"ip.src=192.168.56.10, ip.dst=192.168.56.7, udp=->, tcp=80->1041, dns=, host=, uri="
0,pcap_dns_http,"ip.src=192.168.56.10, ip.dst=192.168.56.7, udp=->, tcp=80->1118, dns=, host=, uri="
0,pcap_dns_http,"ip.src=192.168.56.10, ip.dst=192.168.56.7, udp=->, tcp=80->1041, dns=, host=, uri="
0,pcap_dns_http,"ip.src=192.168.56.10, ip.dst=192.168.56.7, udp=->, tcp=80->1118, dns=, host=, uri="
0,pcap_dns_http,"ip.src=192.168.56.10, ip.dst=192.168.56.7, udp=53->49981, tcp=->, dns=aauxj.yt, host=, uri="
0,pcap_dns_http,"ip.src=192.168.56.10, ip.dst=192.168.56.7, udp=->, tcp=80->1042, dns=, host=, uri="
0,pcap_dns_http,"ip.src=192.168.56.10, ip.dst=192.168.56.7, udp=->, tcp=80->1042, dns=, host=, uri="
0,pcap_dns_http,"ip.src=192.168.56.7, ip.dst=192.168.56.255, udp=137->137, tcp=->, dns=, host=, uri="
0,pcap_dns_http,"ip.src=192.168.56.7, ip.dst=192.168.56.255, udp=137->137, tcp=->, dns=, host=, uri="
0,pcap_dns_http,"ip.src=192.168.56.7, ip.dst=192.168.56.255, udp=137->137, tcp=->, dns=, host=, uri="
0,pcap_dns_http,"ip.src=192.168.56.7, ip.dst=192.168.56.255, udp=137->137, tcp=->, dns=, host=, uri="
0,pcap_dns_http,"ip.src=192.168.56.7, ip.dst=192.168.56.255, udp=137->137, tcp=->, dns=, host=, uri="
0,pcap_dns_http,"ip.src=192.168.56.7, ip.dst=192.168.56.255, udp=137->137, tcp=->, dns=, host=, uri="
0,pcap_dns_http,"ip.src=192.168.56.7, ip.dst=192.168.56.255, udp=137->137, tcp=->, dns=, host=, uri="
0,pcap_dns_http,"ip.src=192.168.56.7, ip.dst=192.168.56.255, udp=137->137, tcp=->, dns=, host=, uri="
0,pcap_dns_http,"ip.src=192.168.56.7, ip.dst=192.168.56.255, udp=137->137, tcp=->, dns=, host=, uri="
0,pcap_dns_http,"ip.src=192.168.56.7, ip.dst=192.168.56.255, udp=137->137, tcp=->, dns=, host=, uri="
0,pcap_dns_http,"ip.src=192.168.56.7, ip.dst=192.168.56.255, udp=137->137, tcp=->, dns=, host=, uri="
0,pcap_dns_http,"ip.src=192.168.56.7, ip.dst=192.168.56.255, udp=137->137, tcp=->, dns=, host=, uri="
0,pcap_dns_http,"ip.src=192.168.56.7, ip.dst=192.168.56.255, udp=137->137, tcp=->, dns=, host=, uri="
0,pcap_dns_http,"ip.src=192.168.56.7, ip.dst=192.168.56.255, udp=137->137, tcp=->, dns=, host=, uri="
0,pcap_dns_http,"ip.src=192.168.56.7, ip.dst=192.168.56.255, udp=137->137, tcp=->, dns=, host=, uri="
0,pcap_dns_http,"ip.src=192.168.56.7, ip.dst=192.168.56.255, udp=137->137, tcp=->, dns=, host=, uri="
0,pcap_dns_http,"ip.src=192.168.56.7, ip.dst=192.168.56.255, udp=137->137, tcp=->, dns=, host=, uri="
0,pcap_dns_http,"ip.src=192.168.56.7, ip.dst=192.168.56.255, udp=137->137, tcp=->, dns=, host=, uri="
0,pcap_dns_http,"ip.src=192.168.56.7, ip.dst=192.168.56.255, udp=137->137, tcp=->, dns=, host=, uri="
0,pcap_dns_http,"ip.src=192.168.56.7, ip.dst=192.168.56.255, udp=137->137, tcp=->, dns=, host=, uri="
0,pcap_dns_http,"ip.src=192.168.56.7, ip.dst=192.168.56.255, udp=137->137, tcp=->, dns=, host=, uri="
